[
	{
		"nome": "Tucker 1948",
		"desc": "O Tucker foi realmente uma inovação no mundo do design automóvel, e embora o modelo 1948 foi o único modelo já produzido seu efeito sobre o mundo dos automóveis ainda pode ser sentida até hoje. Preston Tucker e Alex Tremulis projetou o Tucker como uma tentativa de entrar na indústria automotiva, e apesar de apenas um punhado de carros foram produzidos os recursos que estavam presentes naqueles carros eram extremamente inovador para a época.",
		"url_info": "http://hotrodekustom.blogspot.com/2011/04/tucker-torpedo-1948-bi-turbo-estilo.html",
		"url_foto": "https://s2-autoesporte.glbimg.com/7uU5ohsmadKy9HtqqmQ3lefX4d0=/0x0:620x400/984x0/smart/filters:strip_icc()/i.s3.glbimg.com/v1/AUTH_cf9d035bf26b4646b105bd958f32089d/internal_photos/bs/2020/1/r/dXdBHSQKG13utrXP6JeA/2016-12-13-tuckerfrente.jpg",
		"url_video": "http://www.livroiphone.com.br/carros/classicos/tucker.mp4"
		
	},
	{
		"nome": "Chevrolet Corvette",
		"desc": "O Chevrolet corvette é também um clássico antigo, encontrado nos salões automobilísticos internacionais, ele foi o primeiro carro produzido inteiramente dos Estados Unidos. O modelo de 1958, pertencente à primeira geração do corvette é um dos mais conhecidos e era uma potência na época em que foi criado. Esse carro clássico chegava a 170 km/h e era bem leve, o que estava se tornando tendência quando ele começou a ser fabricado em 1953.",
		"url_info": "http://www.chevrolet.com/corvette-sports-cars",
		"url_foto": "https://s2-autoesporte.glbimg.com/Z0eGTO3a842SNL_PmYIpwg3NCWo=/0x0:1415x943/888x0/smart/filters:strip_icc()/i.s3.glbimg.com/v1/AUTH_cf9d035bf26b4646b105bd958f32089d/internal_photos/bs/2021/6/p/uPO6wBSO248WrfJTeDUg/corvette-1.jpg",
		"url_video": "http://www.livroiphone.com.br/carros/classicos/corvette.mp4"
		
	},
	{
		"nome": "Chevrolet Impala Coupe",
		"desc": "O Impala foi lançado em 1958, como a configuração de acabamento Top de linha da Chevrolet, rebaixando o acabamento Bel Air à posição intermediária de acabamento. O Belair, por sua vez, era o nome da versão Hard Top Coupe (falso conversível) dos Chevrolets fabricados de 1950 até 1952. Em 1953, tornou-se o nome da versão de acabamento Top de Linha da Chevrolet, que ainda contava com o 1-50 e o 2-10, respectivamente, a entrada e intermediária.",
		"url_info": "http://en.wikipedia.org/wiki/Chevrolet_Impala",
		"url_foto": "https://i0.wp.com/thegarage.com.br/wp-content/uploads/2022/09/1965-Impala-ss-voupe-a-venda-the-garage-40.jpg?ssl=1",
		"url_video": "http://www.livroiphone.com.br/carros/classicos/chevrolet_impala.mp4"
	}
]